store_name,product_name,product_id,stock_disponible
Santa Cruz Bikes,Trek 820 - 2016,1,27
Santa Cruz Bikes,Ritchey Timberwolf Frameset - 2016,2,5
Santa Cruz Bikes,Surly Wednesday Frameset - 2016,3,6
Santa Cruz Bikes,Trek Fuel EX 8 29 - 2016,4,23
Santa Cruz Bikes,Heller Shagamaw Frame - 2016,5,22
Santa Cruz Bikes,Surly Ice Cream Truck Frameset - 2016,6,0
Santa Cruz Bikes,Trek Slash 8 27.5 - 2016,7,8
Santa Cruz Bikes,Trek Remedy 29 Carbon Frameset - 2016,8,0
Santa Cruz Bikes,Trek Conduit+ - 2016,9,11
Santa Cruz Bikes,Surly Straggler - 2016,10,15
Santa Cruz Bikes,Surly Straggler 650b - 2016,11,8
Santa Cruz Bikes,Electra Townie Original 21D - 2016,12,16
Santa Cruz Bikes,Electra Cruiser 1 (24-Inch) - 2016,13,13
Santa Cruz Bikes,Electra Girl's Hawaii 1 (16-inch) - 2015/2016,14,8
Santa Cruz Bikes,Electra Moto 1 - 2016,15,3
Santa Cruz Bikes,Electra Townie Original 7D EQ - 2016,16,4
Santa Cruz Bikes,Pure Cycles Vine 8-Speed - 2016,17,2
Santa Cruz Bikes,Pure Cycles Western 3-Speed - Women's - 2015/2016,18,16
Santa Cruz Bikes,Pure Cycles William 3-Speed - 2016,19,4
Santa Cruz Bikes,Electra Townie Original 7D EQ - Women's - 2016,20,26
Santa Cruz Bikes,Electra Cruiser 1 (24-Inch) - 2016,21,24
Santa Cruz Bikes,Electra Girl's Hawaii 1 (16-inch) - 2015/2016,22,29
Santa Cruz Bikes,Electra Girl's Hawaii 1 (20-inch) - 2015/2016,23,9
Santa Cruz Bikes,Electra Townie Original 21D - 2016,24,10
Santa Cruz Bikes,Electra Townie Original 7D - 2015/2016,25,10
Santa Cruz Bikes,Electra Townie Original 7D EQ - 2016,26,16
Santa Cruz Bikes,Surly Big Dummy Frameset - 2017,27,21
Santa Cruz Bikes,Surly Karate Monkey 27.5+ Frameset - 2017,28,20
Santa Cruz Bikes,Trek X-Caliber 8 - 2017,29,13
Santa Cruz Bikes,Surly Ice Cream Truck Frameset - 2017,30,30
Santa Cruz Bikes,Surly Wednesday - 2017,31,2
Santa Cruz Bikes,Trek Farley Alloy Frameset - 2017,32,0
Santa Cruz Bikes,Surly Wednesday Frameset - 2017,33,10
Santa Cruz Bikes,Trek Session DH 27.5 Carbon Frameset - 2017,34,2
Santa Cruz Bikes,Sun Bicycles Spider 3i - 2017,35,18
Santa Cruz Bikes,Surly Troll Frameset - 2017,36,26
Santa Cruz Bikes,Haro Flightline One ST - 2017,37,12
Santa Cruz Bikes,Haro Flightline Two 26 Plus - 2017,38,13
Santa Cruz Bikes,Trek Stache 5 - 2017,39,2
Santa Cruz Bikes,Trek Fuel EX 9.8 29 - 2017,40,24
Santa Cruz Bikes,Haro Shift R3 - 2017,41,10
Santa Cruz Bikes,Trek Fuel EX 5 27.5 Plus - 2017,42,0
Santa Cruz Bikes,Trek Fuel EX 9.8 27.5 Plus - 2017,43,2
Santa Cruz Bikes,Haro SR 1.1 - 2017,44,1
Santa Cruz Bikes,Haro SR 1.2 - 2017,45,15
Santa Cruz Bikes,Haro SR 1.3 - 2017,46,19
Santa Cruz Bikes,Trek Remedy 9.8 - 2017,47,21
Santa Cruz Bikes,Trek Emonda S 4 - 2017,48,5
Santa Cruz Bikes,Trek Domane SL 6 - 2017,49,8
Santa Cruz Bikes,Trek Silque SLR 7 Women's - 2017,50,29
Santa Cruz Bikes,Trek Silque SLR 8 Women's - 2017,51,2
Santa Cruz Bikes,Surly Steamroller - 2017,52,18
Santa Cruz Bikes,Surly Ogre Frameset - 2017,53,17
Santa Cruz Bikes,Trek Domane SL Disc Frameset - 2017,54,11
Santa Cruz Bikes,Trek Domane S 6 - 2017,55,11
Santa Cruz Bikes,Trek Domane SLR 6 Disc - 2017,56,15
Santa Cruz Bikes,Trek Emonda S 5 - 2017,57,1
Santa Cruz Bikes,Trek Madone 9.2 - 2017,58,1
Santa Cruz Bikes,Trek Domane S 5 Disc - 2017,59,22
Santa Cruz Bikes,Sun Bicycles ElectroLite - 2017,60,19
Santa Cruz Bikes,Trek Powerfly 8 FS Plus - 2017,61,30
Santa Cruz Bikes,Trek Boone 7 - 2017,62,21
Santa Cruz Bikes,Trek Boone Race Shop Limited - 2017,63,4
Santa Cruz Bikes,Electra Townie Original 7D - 2017,64,30
Santa Cruz Bikes,Sun Bicycles Lil Bolt Type-R - 2017,65,10
Santa Cruz Bikes,Sun Bicycles Revolutions 24 - 2017,66,12
Santa Cruz Bikes,Sun Bicycles Revolutions 24 - Girl's - 2017,67,19
Santa Cruz Bikes,Sun Bicycles Cruz 3 - 2017,68,30
Santa Cruz Bikes,Sun Bicycles Cruz 7 - 2017,69,4
Santa Cruz Bikes,Electra Amsterdam Original 3i - 2015/2017,70,3
Santa Cruz Bikes,Sun Bicycles Atlas X-Type - 2017,71,25
Santa Cruz Bikes,Sun Bicycles Biscayne Tandem 7 - 2017,72,9
Santa Cruz Bikes,Sun Bicycles Brickell Tandem 7 - 2017,73,7
Santa Cruz Bikes,Electra Cruiser Lux 1 - 2017,74,9
Santa Cruz Bikes,Electra Cruiser Lux Fat Tire 1 Ladies - 2017,75,23
Santa Cruz Bikes,"Electra Girl's Hawaii 1 16"" - 2017",76,15
Santa Cruz Bikes,Electra Glam Punk 3i Ladies' - 2017,77,16
Santa Cruz Bikes,Sun Bicycles Biscayne Tandem CB - 2017,78,13
Santa Cruz Bikes,Sun Bicycles Boardwalk (24-inch Wheels) - 2017,79,13
Santa Cruz Bikes,Sun Bicycles Brickell Tandem CB - 2017,80,11
Santa Cruz Bikes,Electra Amsterdam Fashion 7i Ladies' - 2017,81,25
Santa Cruz Bikes,Electra Amsterdam Original 3i Ladies' - 2017,82,1
Santa Cruz Bikes,Trek Boy's Kickster - 2015/2017,83,13
Santa Cruz Bikes,Sun Bicycles Lil Kitt'n - 2017,84,11
Santa Cruz Bikes,Haro Downtown 16 - 2017,85,23
Santa Cruz Bikes,Trek Girl's Kickster - 2017,86,19
Santa Cruz Bikes,Trek Precaliber 12 Boys - 2017,87,27
Santa Cruz Bikes,Trek Precaliber 12 Girls - 2017,88,7
Santa Cruz Bikes,Trek Precaliber 16 Boys - 2017,89,9
Santa Cruz Bikes,Trek Precaliber 16 Girls - 2017,90,4
Santa Cruz Bikes,Trek Precaliber 24 (21-Speed) - Girls - 2017,91,8
Santa Cruz Bikes,Haro Shredder 20 - 2017,92,0
Santa Cruz Bikes,Haro Shredder 20 Girls - 2017,93,22
Santa Cruz Bikes,Haro Shredder Pro 20 - 2017,94,6
Santa Cruz Bikes,"Electra Girl's Hawaii 1 16"" - 2017",95,25
Santa Cruz Bikes,Electra Moto 3i (20-inch) - Boy's - 2017,96,20
Santa Cruz Bikes,Electra Savannah 3i (20-inch) - Girl's - 2017,97,20
Santa Cruz Bikes,Electra Straight 8 3i (20-inch) - Boy's - 2017,98,28
Santa Cruz Bikes,Electra Sugar Skulls 1 (20-inch) - Girl's - 2017,99,28
Santa Cruz Bikes,Electra Townie 3i EQ (20-inch) - Boys' - 2017,100,15
Santa Cruz Bikes,Electra Townie 7D (20-inch) - Boys' - 2017,101,17
Santa Cruz Bikes,Electra Townie Original 7D - 2017,102,9
Santa Cruz Bikes,Sun Bicycles Streamway 3 - 2017,103,13
Santa Cruz Bikes,Sun Bicycles Streamway - 2017,104,25
Santa Cruz Bikes,Sun Bicycles Streamway 7 - 2017,105,7
Santa Cruz Bikes,Sun Bicycles Cruz 3 - 2017,106,30
Santa Cruz Bikes,Sun Bicycles Cruz 7 - 2017,107,20
Santa Cruz Bikes,Sun Bicycles Cruz 3 - Women's - 2017,108,15
Santa Cruz Bikes,Sun Bicycles Cruz 7 - Women's - 2017,109,30
Santa Cruz Bikes,Sun Bicycles Drifter 7 - 2017,110,1
Santa Cruz Bikes,Sun Bicycles Drifter 7 - Women's - 2017,111,11
Santa Cruz Bikes,Trek 820 - 2018,112,17
Santa Cruz Bikes,Trek Marlin 5 - 2018,113,24
Santa Cruz Bikes,Trek Marlin 6 - 2018,114,3
Santa Cruz Bikes,Trek Fuel EX 8 29 - 2018,115,10
Santa Cruz Bikes,Trek Marlin 7 - 2017/2018,116,24
Santa Cruz Bikes,Trek Ticket S Frame - 2018,117,15
Santa Cruz Bikes,Trek X-Caliber 8 - 2018,118,12
Santa Cruz Bikes,Trek Kids' Neko - 2018,119,17
Santa Cruz Bikes,Trek Fuel EX 7 29 - 2018,120,23
Santa Cruz Bikes,Surly Krampus Frameset - 2018,121,19
Santa Cruz Bikes,Surly Troll Frameset - 2018,122,22
Santa Cruz Bikes,Trek Farley Carbon Frameset - 2018,123,8
Santa Cruz Bikes,Surly Krampus - 2018,124,23
Santa Cruz Bikes,Trek Kids' Dual Sport - 2018,125,22
Santa Cruz Bikes,Surly Big Fat Dummy Frameset - 2018,126,28
Santa Cruz Bikes,Surly Pack Rat Frameset - 2018,127,12
Santa Cruz Bikes,Surly ECR 27.5 - 2018,128,11
Santa Cruz Bikes,Trek X-Caliber 7 - 2018,129,21
Santa Cruz Bikes,Trek Stache Carbon Frameset - 2018,130,22
Santa Cruz Bikes,Heller Bloodhound Trail - 2018,131,20
Santa Cruz Bikes,Trek Procal AL Frameset - 2018,132,1
Santa Cruz Bikes,Trek Procaliber Frameset - 2018,133,9
Santa Cruz Bikes,Trek Remedy 27.5 C Frameset - 2018,134,26
Santa Cruz Bikes,Trek X-Caliber Frameset - 2018,135,15
Santa Cruz Bikes,Trek Procaliber 6 - 2018,136,12
Santa Cruz Bikes,Heller Shagamaw GX1 - 2018,137,12
Santa Cruz Bikes,Trek Fuel EX 5 Plus - 2018,138,6
Santa Cruz Bikes,Trek Remedy 7 27.5 - 2018,139,17
Santa Cruz Bikes,Trek Remedy 9.8 27.5 - 2018,140,3
Santa Cruz Bikes,Trek Stache 5 - 2018,141,21
Santa Cruz Bikes,Trek Fuel EX 8 29 XT - 2018,142,22
Santa Cruz Bikes,Trek Domane ALR 3 - 2018,143,19
Santa Cruz Bikes,Trek Domane ALR 4 Disc - 2018,144,7
Santa Cruz Bikes,Trek Domane ALR 5 Disc - 2018,145,5
Santa Cruz Bikes,Trek Domane SLR 6 - 2018,146,6
Santa Cruz Bikes,Trek Domane ALR 5 Gravel - 2018,147,8
Santa Cruz Bikes,Trek Domane SL 8 Disc - 2018,148,6
Santa Cruz Bikes,Trek Domane SLR 8 Disc - 2018,149,1
Santa Cruz Bikes,Trek Emonda SL 7 - 2018,150,22
Santa Cruz Bikes,Trek Domane ALR 4 Disc Women's - 2018,151,24
Santa Cruz Bikes,Trek Domane SL 5 Disc Women's - 2018,152,12
Santa Cruz Bikes,Trek Domane SL 7 Women's - 2018,153,25
Santa Cruz Bikes,Trek Domane SLR 6 Disc Women's - 2018,154,13
Santa Cruz Bikes,Trek Domane SLR 9 Disc - 2018,155,8
Santa Cruz Bikes,Trek Domane SL Frameset - 2018,156,13
Santa Cruz Bikes,Trek Domane SL Frameset Women's - 2018,157,25
Santa Cruz Bikes,Trek CrossRip 1 - 2018,158,11
Santa Cruz Bikes,Trek Emonda ALR 6 - 2018,159,18
Santa Cruz Bikes,Trek Emonda SLR 6 - 2018,160,0
Santa Cruz Bikes,Surly ECR - 2018,161,17
Santa Cruz Bikes,Trek Emonda SL 6 Disc - 2018,162,14
Santa Cruz Bikes,Surly Pack Rat - 2018,163,0
Santa Cruz Bikes,Surly Straggler 650b - 2018,164,15
Santa Cruz Bikes,Trek 1120 - 2018,165,16
Santa Cruz Bikes,Trek Domane AL 2 Women's - 2018,166,23
Santa Cruz Bikes,Surly ECR Frameset - 2018,167,28
Santa Cruz Bikes,Surly Straggler - 2018,168,0
Santa Cruz Bikes,Trek Emonda SLR 8 - 2018,169,25
Santa Cruz Bikes,Trek CrossRip 2 - 2018,170,14
Santa Cruz Bikes,Trek Domane SL 6 - 2018,171,3
Santa Cruz Bikes,Trek Domane ALR Disc Frameset - 2018,172,3
Santa Cruz Bikes,Trek Domane ALR Frameset - 2018,173,2
Santa Cruz Bikes,Trek Domane SLR Disc Frameset - 2018,174,26
Santa Cruz Bikes,Trek Domane SLR Frameset - 2018,175,2
Santa Cruz Bikes,Trek Madone 9 Frameset - 2018,176,11
Santa Cruz Bikes,Trek Domane SLR 6 Disc - 2018,177,19
Santa Cruz Bikes,Trek Domane AL 2 - 2018,178,23
Santa Cruz Bikes,Trek Domane AL 3 - 2018,179,16
Santa Cruz Bikes,Trek Domane AL 3 Women's - 2018,180,5
Santa Cruz Bikes,Trek Domane SL 5 - 2018,181,19
Santa Cruz Bikes,Trek Domane SL 5 Disc - 2018,182,28
Santa Cruz Bikes,Trek Domane SL 5 Women's - 2018,183,11
Santa Cruz Bikes,Trek Domane SL 6 Disc - 2018,184,4
Santa Cruz Bikes,Trek Conduit+ - 2018,185,3
Santa Cruz Bikes,Trek CrossRip+ - 2018,186,1
Santa Cruz Bikes,Trek Neko+ - 2018,187,16
Santa Cruz Bikes,Trek XM700+ Lowstep - 2018,188,30
Santa Cruz Bikes,Trek Lift+ Lowstep - 2018,189,6
Santa Cruz Bikes,Trek Dual Sport+ - 2018,190,21
Santa Cruz Bikes,Electra Loft Go! 8i - 2018,191,21
Santa Cruz Bikes,Electra Townie Go! 8i - 2017/2018,192,20
Santa Cruz Bikes,Trek Lift+ - 2018,193,30
Santa Cruz Bikes,Trek XM700+ - 2018,194,24
Santa Cruz Bikes,Electra Townie Go! 8i Ladies' - 2018,195,1
Santa Cruz Bikes,Trek Verve+ - 2018,196,26
Santa Cruz Bikes,Trek Verve+ Lowstep - 2018,197,22
Santa Cruz Bikes,Electra Townie Commute Go! - 2018,198,1
Santa Cruz Bikes,Electra Townie Commute Go! Ladies' - 2018,199,2
Santa Cruz Bikes,Trek Powerfly 5 - 2018,200,27
Santa Cruz Bikes,Trek Powerfly 5 FS - 2018,201,16
Santa Cruz Bikes,Trek Powerfly 5 Women's - 2018,202,5
Santa Cruz Bikes,Trek Powerfly 7 FS - 2018,203,4
Santa Cruz Bikes,Trek Super Commuter+ 7 - 2018,204,23
Santa Cruz Bikes,Trek Super Commuter+ 8S - 2018,205,9
Santa Cruz Bikes,Trek Boone 5 Disc - 2018,206,10
Santa Cruz Bikes,Trek Boone 7 Disc - 2018,207,27
Santa Cruz Bikes,Trek Crockett 5 Disc - 2018,208,13
Santa Cruz Bikes,Trek Crockett 7 Disc - 2018,209,22
Santa Cruz Bikes,Surly Straggler - 2018,210,25
Santa Cruz Bikes,Surly Straggler 650b - 2018,211,13
Santa Cruz Bikes,Electra Townie Original 21D - 2018,212,17
Santa Cruz Bikes,Electra Cruiser 1 - 2016/2017/2018,213,14
Santa Cruz Bikes,Electra Tiger Shark 3i - 2018,214,4
Santa Cruz Bikes,Electra Queen of Hearts 3i - 2018,215,1
Santa Cruz Bikes,Electra Super Moto 8i - 2018,216,11
Santa Cruz Bikes,Electra Straight 8 3i - 2018,217,11
Santa Cruz Bikes,Electra Cruiser 7D - 2016/2017/2018,218,27
Santa Cruz Bikes,Electra Moto 3i - 2018,219,30
Santa Cruz Bikes,Electra Cruiser 1 Ladies' - 2018,220,4
Santa Cruz Bikes,Electra Cruiser 7D Ladies' - 2016/2018,221,7
Santa Cruz Bikes,Electra Cruiser 1 Tall - 2016/2018,222,12
Santa Cruz Bikes,Electra Cruiser Lux 3i - 2018,223,3
Santa Cruz Bikes,Electra Cruiser Lux 7D - 2018,224,16
Santa Cruz Bikes,Electra Delivery 3i - 2016/2017/2018,225,24
Santa Cruz Bikes,Electra Townie Original 21D EQ - 2017/2018,226,18
Santa Cruz Bikes,Electra Cruiser 7D (24-Inch) Ladies' - 2016/2018,227,19
Santa Cruz Bikes,Electra Cruiser 7D Tall - 2016/2018,228,22
Santa Cruz Bikes,Electra Cruiser Lux 1 - 2016/2018,229,27
Santa Cruz Bikes,Electra Cruiser Lux 1 Ladies' - 2018,230,7
Santa Cruz Bikes,Electra Cruiser Lux 3i Ladies' - 2018,231,25
Santa Cruz Bikes,Electra Cruiser Lux 7D Ladies' - 2018,232,5
Santa Cruz Bikes,Electra Cruiser Lux Fat Tire 7D - 2018,233,5
Santa Cruz Bikes,Electra Daydreamer 3i Ladies' - 2018,234,13
Santa Cruz Bikes,Electra Koa 3i Ladies' - 2018,235,7
Santa Cruz Bikes,Electra Morningstar 3i Ladies' - 2018,236,18
Santa Cruz Bikes,Electra Relic 3i - 2018,237,26
Santa Cruz Bikes,Electra Townie Balloon 8D EQ - 2016/2017/2018,238,20
Santa Cruz Bikes,Electra Townie Balloon 8D EQ Ladies' - 2016/2017/2018,239,28
Santa Cruz Bikes,Electra Townie Commute 27D Ladies - 2018,240,17
Santa Cruz Bikes,Electra Townie Commute 8D - 2018,241,17
Santa Cruz Bikes,Electra Townie Commute 8D Ladies' - 2018,242,10
Santa Cruz Bikes,Electra Townie Original 21D EQ Ladies' - 2018,243,11
Santa Cruz Bikes,Electra Townie Original 21D Ladies' - 2018,244,10
Santa Cruz Bikes,Electra Townie Original 3i EQ - 2017/2018,245,3
Santa Cruz Bikes,Electra Townie Original 3i EQ Ladies' - 2018,246,0
Santa Cruz Bikes,Electra Townie Original 7D EQ - 2018,247,15
Santa Cruz Bikes,Electra Townie Original 7D EQ Ladies' - 2017/2018,248,14
Santa Cruz Bikes,Electra White Water 3i - 2018,249,27
Santa Cruz Bikes,Electra Townie Go! 8i - 2017/2018,250,3
Santa Cruz Bikes,Electra Townie Commute Go! - 2018,251,2
Santa Cruz Bikes,Electra Townie Commute Go! Ladies' - 2018,252,28
Santa Cruz Bikes,Electra Townie Go! 8i Ladies' - 2018,253,16
Santa Cruz Bikes,Electra Townie Balloon 3i EQ - 2017/2018,254,24
Santa Cruz Bikes,Electra Townie Balloon 7i EQ Ladies' - 2017/2018,255,13
Santa Cruz Bikes,Electra Townie Commute 27D - 2018,256,20
Santa Cruz Bikes,Electra Amsterdam Fashion 3i Ladies' - 2017/2018,257,17
Santa Cruz Bikes,Electra Amsterdam Royal 8i - 2017/2018,258,25
Santa Cruz Bikes,Electra Amsterdam Royal 8i Ladies - 2018,259,10
Santa Cruz Bikes,Electra Townie Balloon 3i EQ Ladies' - 2018,260,20
Santa Cruz Bikes,Electra Townie Balloon 7i EQ - 2018,261,3
Santa Cruz Bikes,Trek MT 201 - 2018,262,6
Santa Cruz Bikes,Strider Classic 12 Balance Bike - 2018,263,21
Santa Cruz Bikes,Strider Sport 16 - 2018,264,16
Santa Cruz Bikes,Strider Strider 20 Sport - 2018,265,28
Santa Cruz Bikes,Trek Superfly 20 - 2018,266,1
Santa Cruz Bikes,Trek Precaliber 12 Girl's - 2018,267,27
Santa Cruz Bikes,Trek Kickster - 2018,268,23
Santa Cruz Bikes,Trek Precaliber 12 Boy's - 2018,269,22
Santa Cruz Bikes,Trek Precaliber 16 Boy's - 2018,270,16
Santa Cruz Bikes,Trek Precaliber 16 Girl's - 2018,271,6
Santa Cruz Bikes,Trek Precaliber 20 6-speed Boy's - 2018,272,14
Santa Cruz Bikes,Trek Precaliber 20 6-speed Girl's - 2018,273,20
Santa Cruz Bikes,Trek Precaliber 20 Boy's - 2018,274,19
Santa Cruz Bikes,Trek Precaliber 20 Girl's - 2018,275,28
Santa Cruz Bikes,Trek Precaliber 24 (7-Speed) - Boys - 2018,276,7
Santa Cruz Bikes,Trek Precaliber 24 21-speed Boy's - 2018,277,13
Santa Cruz Bikes,Trek Precaliber 24 21-speed Girl's - 2018,278,17
Santa Cruz Bikes,Trek Precaliber 24 7-speed Girl's - 2018,279,17
Santa Cruz Bikes,Trek Superfly 24 - 2017/2018,280,23
Santa Cruz Bikes,Electra Cruiser 7D (24-Inch) Ladies' - 2016/2018,281,11
Santa Cruz Bikes,Electra Cyclosaurus 1 (16-inch) - Boy's - 2018,282,6
Santa Cruz Bikes,Electra Heartchya 1 (20-inch) - Girl's - 2018,283,10
Santa Cruz Bikes,Electra Savannah 1 (20-inch) - Girl's - 2018,284,27
Santa Cruz Bikes,Electra Soft Serve 1 (16-inch) - Girl's - 2018,285,20
Santa Cruz Bikes,"Electra Starship 1 16"" - 2018",286,28
Santa Cruz Bikes,Electra Straight 8 1 (16-inch) - Boy's - 2018,287,2
Santa Cruz Bikes,Electra Straight 8 1 (20-inch) - Boy's - 2018,288,9
Santa Cruz Bikes,"Electra Superbolt 1 20"" - 2018",289,2
Santa Cruz Bikes,"Electra Superbolt 3i 20"" - 2018",290,8
Santa Cruz Bikes,Electra Sweet Ride 1 (20-inch) - Girl's - 2018,291,9
Santa Cruz Bikes,Electra Sweet Ride 3i (20-inch) - Girls' - 2018,292,30
Santa Cruz Bikes,Electra Tiger Shark 1 (20-inch) - Boys' - 2018,293,18
Santa Cruz Bikes,Electra Tiger Shark 3i (20-inch) - Boys' - 2018,294,3
Santa Cruz Bikes,"Electra Treasure 1 20"" - 2018",295,24
Santa Cruz Bikes,"Electra Treasure 3i 20"" - 2018",296,9
Santa Cruz Bikes,"Electra Under-The-Sea 1 16"" - 2018",297,22
Santa Cruz Bikes,Electra Water Lily 1 (16-inch) - Girl's - 2018,298,26
Santa Cruz Bikes,Electra Townie Original 21D - 2018,299,18
Santa Cruz Bikes,Electra Townie Balloon 3i EQ Ladies' - 2018,300,7
Santa Cruz Bikes,Electra Townie Balloon 7i EQ - 2018,301,10
Santa Cruz Bikes,Electra Townie Original 1 - 2018,302,0
Santa Cruz Bikes,Electra Townie Go! 8i - 2017/2018,303,12
Santa Cruz Bikes,Electra Townie Original 21D EQ - 2017/2018,304,15
Santa Cruz Bikes,Electra Townie Balloon 3i EQ - 2017/2018,305,23
Santa Cruz Bikes,Electra Townie Balloon 7i EQ Ladies' - 2017/2018,306,21
Santa Cruz Bikes,Electra Townie Balloon 8D EQ - 2016/2017/2018,307,17
Santa Cruz Bikes,Electra Townie Balloon 8D EQ Ladies' - 2016/2017/2018,308,23
Santa Cruz Bikes,Electra Townie Commute 27D - 2018,309,7
Santa Cruz Bikes,Electra Townie Commute 27D Ladies - 2018,310,18
Santa Cruz Bikes,Electra Townie Commute 8D - 2018,311,20
Santa Cruz Bikes,Electra Townie Commute 8D Ladies' - 2018,312,23
Santa Cruz Bikes,Electra Townie Original 1 Ladies' - 2018,313,14
Baldwin Bikes,Trek 820 - 2016,1,14
Baldwin Bikes,Ritchey Timberwolf Frameset - 2016,2,16
Baldwin Bikes,Surly Wednesday Frameset - 2016,3,28
Baldwin Bikes,Trek Fuel EX 8 29 - 2016,4,2
Baldwin Bikes,Heller Shagamaw Frame - 2016,5,1
Baldwin Bikes,Surly Ice Cream Truck Frameset - 2016,6,11
Baldwin Bikes,Trek Slash 8 27.5 - 2016,7,8
Baldwin Bikes,Trek Remedy 29 Carbon Frameset - 2016,8,1
Baldwin Bikes,Trek Conduit+ - 2016,9,17
Baldwin Bikes,Surly Straggler - 2016,10,13
Baldwin Bikes,Surly Straggler 650b - 2016,11,21
Baldwin Bikes,Electra Townie Original 21D - 2016,12,2
Baldwin Bikes,Electra Cruiser 1 (24-Inch) - 2016,13,1
Baldwin Bikes,Electra Girl's Hawaii 1 (16-inch) - 2015/2016,14,18
Baldwin Bikes,Electra Moto 1 - 2016,15,6
Baldwin Bikes,Electra Townie Original 7D EQ - 2016,16,20
Baldwin Bikes,Pure Cycles Vine 8-Speed - 2016,17,3
Baldwin Bikes,Pure Cycles Western 3-Speed - Women's - 2015/2016,18,13
Baldwin Bikes,Pure Cycles William 3-Speed - 2016,19,15
Baldwin Bikes,Electra Townie Original 7D EQ - Women's - 2016,20,20
Baldwin Bikes,Electra Cruiser 1 (24-Inch) - 2016,21,16
Baldwin Bikes,Electra Girl's Hawaii 1 (16-inch) - 2015/2016,22,0
Baldwin Bikes,Electra Girl's Hawaii 1 (20-inch) - 2015/2016,23,12
Baldwin Bikes,Electra Townie Original 21D - 2016,24,16
Baldwin Bikes,Electra Townie Original 7D - 2015/2016,25,18
Baldwin Bikes,Electra Townie Original 7D EQ - 2016,26,2
Baldwin Bikes,Surly Big Dummy Frameset - 2017,27,10
Baldwin Bikes,Surly Karate Monkey 27.5+ Frameset - 2017,28,25
Baldwin Bikes,Trek X-Caliber 8 - 2017,29,29
Baldwin Bikes,Surly Ice Cream Truck Frameset - 2017,30,17
Baldwin Bikes,Surly Wednesday - 2017,31,10
Baldwin Bikes,Trek Farley Alloy Frameset - 2017,32,13
Baldwin Bikes,Surly Wednesday Frameset - 2017,33,8
Baldwin Bikes,Trek Session DH 27.5 Carbon Frameset - 2017,34,24
Baldwin Bikes,Sun Bicycles Spider 3i - 2017,35,25
Baldwin Bikes,Surly Troll Frameset - 2017,36,15
Baldwin Bikes,Haro Flightline One ST - 2017,37,5
Baldwin Bikes,Haro Flightline Two 26 Plus - 2017,38,18
Baldwin Bikes,Trek Stache 5 - 2017,39,28
Baldwin Bikes,Trek Fuel EX 9.8 29 - 2017,40,15
Baldwin Bikes,Haro Shift R3 - 2017,41,6
Baldwin Bikes,Trek Fuel EX 5 27.5 Plus - 2017,42,16
Baldwin Bikes,Trek Fuel EX 9.8 27.5 Plus - 2017,43,2
Baldwin Bikes,Haro SR 1.1 - 2017,44,24
Baldwin Bikes,Haro SR 1.2 - 2017,45,13
Baldwin Bikes,Haro SR 1.3 - 2017,46,18
Baldwin Bikes,Trek Remedy 9.8 - 2017,47,0
Baldwin Bikes,Trek Emonda S 4 - 2017,48,20
Baldwin Bikes,Trek Domane SL 6 - 2017,49,4
Baldwin Bikes,Trek Silque SLR 7 Women's - 2017,50,7
Baldwin Bikes,Trek Silque SLR 8 Women's - 2017,51,8
Baldwin Bikes,Surly Steamroller - 2017,52,23
Baldwin Bikes,Surly Ogre Frameset - 2017,53,19
Baldwin Bikes,Trek Domane SL Disc Frameset - 2017,54,6
Baldwin Bikes,Trek Domane S 6 - 2017,55,5
Baldwin Bikes,Trek Domane SLR 6 Disc - 2017,56,20
Baldwin Bikes,Trek Emonda S 5 - 2017,57,27
Baldwin Bikes,Trek Madone 9.2 - 2017,58,15
Baldwin Bikes,Trek Domane S 5 Disc - 2017,59,17
Baldwin Bikes,Sun Bicycles ElectroLite - 2017,60,1
Baldwin Bikes,Trek Powerfly 8 FS Plus - 2017,61,20
Baldwin Bikes,Trek Boone 7 - 2017,62,4
Baldwin Bikes,Trek Boone Race Shop Limited - 2017,63,5
Baldwin Bikes,Electra Townie Original 7D - 2017,64,30
Baldwin Bikes,Sun Bicycles Lil Bolt Type-R - 2017,65,16
Baldwin Bikes,Sun Bicycles Revolutions 24 - 2017,66,22
Baldwin Bikes,Sun Bicycles Revolutions 24 - Girl's - 2017,67,8
Baldwin Bikes,Sun Bicycles Cruz 3 - 2017,68,23
Baldwin Bikes,Sun Bicycles Cruz 7 - 2017,69,22
Baldwin Bikes,Electra Amsterdam Original 3i - 2015/2017,70,6
Baldwin Bikes,Sun Bicycles Atlas X-Type - 2017,71,30
Baldwin Bikes,Sun Bicycles Biscayne Tandem 7 - 2017,72,1
Baldwin Bikes,Sun Bicycles Brickell Tandem 7 - 2017,73,20
Baldwin Bikes,Electra Cruiser Lux 1 - 2017,74,23
Baldwin Bikes,Electra Cruiser Lux Fat Tire 1 Ladies - 2017,75,11
Baldwin Bikes,"Electra Girl's Hawaii 1 16"" - 2017",76,20
Baldwin Bikes,Electra Glam Punk 3i Ladies' - 2017,77,25
Baldwin Bikes,Sun Bicycles Biscayne Tandem CB - 2017,78,4
Baldwin Bikes,Sun Bicycles Boardwalk (24-inch Wheels) - 2017,79,29
Baldwin Bikes,Sun Bicycles Brickell Tandem CB - 2017,80,27
Baldwin Bikes,Electra Amsterdam Fashion 7i Ladies' - 2017,81,19
Baldwin Bikes,Electra Amsterdam Original 3i Ladies' - 2017,82,4
Baldwin Bikes,Trek Boy's Kickster - 2015/2017,83,21
Baldwin Bikes,Sun Bicycles Lil Kitt'n - 2017,84,22
Baldwin Bikes,Haro Downtown 16 - 2017,85,6
Baldwin Bikes,Trek Girl's Kickster - 2017,86,24
Baldwin Bikes,Trek Precaliber 12 Boys - 2017,87,14
Baldwin Bikes,Trek Precaliber 12 Girls - 2017,88,8
Baldwin Bikes,Trek Precaliber 16 Boys - 2017,89,8
Baldwin Bikes,Trek Precaliber 16 Girls - 2017,90,26
Baldwin Bikes,Trek Precaliber 24 (21-Speed) - Girls - 2017,91,0
Baldwin Bikes,Haro Shredder 20 - 2017,92,22
Baldwin Bikes,Haro Shredder 20 Girls - 2017,93,22
Baldwin Bikes,Haro Shredder Pro 20 - 2017,94,2
Baldwin Bikes,"Electra Girl's Hawaii 1 16"" - 2017",95,10
Baldwin Bikes,Electra Moto 3i (20-inch) - Boy's - 2017,96,22
Baldwin Bikes,Electra Savannah 3i (20-inch) - Girl's - 2017,97,15
Baldwin Bikes,Electra Straight 8 3i (20-inch) - Boy's - 2017,98,14
Baldwin Bikes,Electra Sugar Skulls 1 (20-inch) - Girl's - 2017,99,24
Baldwin Bikes,Electra Townie 3i EQ (20-inch) - Boys' - 2017,100,12
Baldwin Bikes,Electra Townie 7D (20-inch) - Boys' - 2017,101,4
Baldwin Bikes,Electra Townie Original 7D - 2017,102,12
Baldwin Bikes,Sun Bicycles Streamway 3 - 2017,103,1
Baldwin Bikes,Sun Bicycles Streamway - 2017,104,26
Baldwin Bikes,Sun Bicycles Streamway 7 - 2017,105,3
Baldwin Bikes,Sun Bicycles Cruz 3 - 2017,106,7
Baldwin Bikes,Sun Bicycles Cruz 7 - 2017,107,29
Baldwin Bikes,Sun Bicycles Cruz 3 - Women's - 2017,108,29
Baldwin Bikes,Sun Bicycles Cruz 7 - Women's - 2017,109,25
Baldwin Bikes,Sun Bicycles Drifter 7 - 2017,110,7
Baldwin Bikes,Sun Bicycles Drifter 7 - Women's - 2017,111,6
Baldwin Bikes,Trek 820 - 2018,112,1
Baldwin Bikes,Trek Marlin 5 - 2018,113,7
Baldwin Bikes,Trek Marlin 6 - 2018,114,12
Baldwin Bikes,Trek Fuel EX 8 29 - 2018,115,19
Baldwin Bikes,Trek Marlin 7 - 2017/2018,116,17
Baldwin Bikes,Trek Ticket S Frame - 2018,117,18
Baldwin Bikes,Trek X-Caliber 8 - 2018,118,25
Baldwin Bikes,Trek Kids' Neko - 2018,119,23
Baldwin Bikes,Trek Fuel EX 7 29 - 2018,120,16
Baldwin Bikes,Surly Krampus Frameset - 2018,121,3
Baldwin Bikes,Surly Troll Frameset - 2018,122,11
Baldwin Bikes,Trek Farley Carbon Frameset - 2018,123,18
Baldwin Bikes,Surly Krampus - 2018,124,4
Baldwin Bikes,Trek Kids' Dual Sport - 2018,125,10
Baldwin Bikes,Surly Big Fat Dummy Frameset - 2018,126,13
Baldwin Bikes,Surly Pack Rat Frameset - 2018,127,12
Baldwin Bikes,Surly ECR 27.5 - 2018,128,28
Baldwin Bikes,Trek X-Caliber 7 - 2018,129,21
Baldwin Bikes,Trek Stache Carbon Frameset - 2018,130,17
Baldwin Bikes,Heller Bloodhound Trail - 2018,131,9
Baldwin Bikes,Trek Procal AL Frameset - 2018,132,6
Baldwin Bikes,Trek Procaliber Frameset - 2018,133,28
Baldwin Bikes,Trek Remedy 27.5 C Frameset - 2018,134,13
Baldwin Bikes,Trek X-Caliber Frameset - 2018,135,30
Baldwin Bikes,Trek Procaliber 6 - 2018,136,8
Baldwin Bikes,Heller Shagamaw GX1 - 2018,137,1
Baldwin Bikes,Trek Fuel EX 5 Plus - 2018,138,16
Baldwin Bikes,Trek Remedy 7 27.5 - 2018,139,24
Baldwin Bikes,Trek Remedy 9.8 27.5 - 2018,140,13
Baldwin Bikes,Trek Stache 5 - 2018,141,28
Baldwin Bikes,Trek Fuel EX 8 29 XT - 2018,142,24
Baldwin Bikes,Trek Domane ALR 3 - 2018,143,12
Baldwin Bikes,Trek Domane ALR 4 Disc - 2018,144,4
Baldwin Bikes,Trek Domane ALR 5 Disc - 2018,145,23
Baldwin Bikes,Trek Domane SLR 6 - 2018,146,3
Baldwin Bikes,Trek Domane ALR 5 Gravel - 2018,147,13
Baldwin Bikes,Trek Domane SL 8 Disc - 2018,148,27
Baldwin Bikes,Trek Domane SLR 8 Disc - 2018,149,22
Baldwin Bikes,Trek Emonda SL 7 - 2018,150,7
Baldwin Bikes,Trek Domane ALR 4 Disc Women's - 2018,151,2
Baldwin Bikes,Trek Domane SL 5 Disc Women's - 2018,152,21
Baldwin Bikes,Trek Domane SL 7 Women's - 2018,153,21
Baldwin Bikes,Trek Domane SLR 6 Disc Women's - 2018,154,9
Baldwin Bikes,Trek Domane SLR 9 Disc - 2018,155,21
Baldwin Bikes,Trek Domane SL Frameset - 2018,156,8
Baldwin Bikes,Trek Domane SL Frameset Women's - 2018,157,28
Baldwin Bikes,Trek CrossRip 1 - 2018,158,0
Baldwin Bikes,Trek Emonda ALR 6 - 2018,159,30
Baldwin Bikes,Trek Emonda SLR 6 - 2018,160,4
Baldwin Bikes,Surly ECR - 2018,161,9
Baldwin Bikes,Trek Emonda SL 6 Disc - 2018,162,18
Baldwin Bikes,Surly Pack Rat - 2018,163,30
Baldwin Bikes,Surly Straggler 650b - 2018,164,9
Baldwin Bikes,Trek 1120 - 2018,165,6
Baldwin Bikes,Trek Domane AL 2 Women's - 2018,166,27
Baldwin Bikes,Surly ECR Frameset - 2018,167,1
Baldwin Bikes,Surly Straggler - 2018,168,29
Baldwin Bikes,Trek Emonda SLR 8 - 2018,169,1
Baldwin Bikes,Trek CrossRip 2 - 2018,170,2
Baldwin Bikes,Trek Domane SL 6 - 2018,171,28
Baldwin Bikes,Trek Domane ALR Disc Frameset - 2018,172,16
Baldwin Bikes,Trek Domane ALR Frameset - 2018,173,17
Baldwin Bikes,Trek Domane SLR Disc Frameset - 2018,174,8
Baldwin Bikes,Trek Domane SLR Frameset - 2018,175,0
Baldwin Bikes,Trek Madone 9 Frameset - 2018,176,26
Baldwin Bikes,Trek Domane SLR 6 Disc - 2018,177,9
Baldwin Bikes,Trek Domane AL 2 - 2018,178,1
Baldwin Bikes,Trek Domane AL 3 - 2018,179,16
Baldwin Bikes,Trek Domane AL 3 Women's - 2018,180,3
Baldwin Bikes,Trek Domane SL 5 - 2018,181,29
Baldwin Bikes,Trek Domane SL 5 Disc - 2018,182,21
Baldwin Bikes,Trek Domane SL 5 Women's - 2018,183,26
Baldwin Bikes,Trek Domane SL 6 Disc - 2018,184,0
Baldwin Bikes,Trek Conduit+ - 2018,185,4
Baldwin Bikes,Trek CrossRip+ - 2018,186,16
Baldwin Bikes,Trek Neko+ - 2018,187,10
Baldwin Bikes,Trek XM700+ Lowstep - 2018,188,27
Baldwin Bikes,Trek Lift+ Lowstep - 2018,189,13
Baldwin Bikes,Trek Dual Sport+ - 2018,190,18
Baldwin Bikes,Electra Loft Go! 8i - 2018,191,15
Baldwin Bikes,Electra Townie Go! 8i - 2017/2018,192,0
Baldwin Bikes,Trek Lift+ - 2018,193,21
Baldwin Bikes,Trek XM700+ - 2018,194,15
Baldwin Bikes,Electra Townie Go! 8i Ladies' - 2018,195,19
Baldwin Bikes,Trek Verve+ - 2018,196,28
Baldwin Bikes,Trek Verve+ Lowstep - 2018,197,10
Baldwin Bikes,Electra Townie Commute Go! - 2018,198,0
Baldwin Bikes,Electra Townie Commute Go! Ladies' - 2018,199,13
Baldwin Bikes,Trek Powerfly 5 - 2018,200,11
Baldwin Bikes,Trek Powerfly 5 FS - 2018,201,24
Baldwin Bikes,Trek Powerfly 5 Women's - 2018,202,1
Baldwin Bikes,Trek Powerfly 7 FS - 2018,203,7
Baldwin Bikes,Trek Super Commuter+ 7 - 2018,204,25
Baldwin Bikes,Trek Super Commuter+ 8S - 2018,205,13
Baldwin Bikes,Trek Boone 5 Disc - 2018,206,9
Baldwin Bikes,Trek Boone 7 Disc - 2018,207,8
Baldwin Bikes,Trek Crockett 5 Disc - 2018,208,12
Baldwin Bikes,Trek Crockett 7 Disc - 2018,209,11
Baldwin Bikes,Surly Straggler - 2018,210,10
Baldwin Bikes,Surly Straggler 650b - 2018,211,4
Baldwin Bikes,Electra Townie Original 21D - 2018,212,22
Baldwin Bikes,Electra Cruiser 1 - 2016/2017/2018,213,10
Baldwin Bikes,Electra Tiger Shark 3i - 2018,214,7
Baldwin Bikes,Electra Queen of Hearts 3i - 2018,215,11
Baldwin Bikes,Electra Super Moto 8i - 2018,216,19
Baldwin Bikes,Electra Straight 8 3i - 2018,217,22
Baldwin Bikes,Electra Cruiser 7D - 2016/2017/2018,218,26
Baldwin Bikes,Electra Moto 3i - 2018,219,16
Baldwin Bikes,Electra Cruiser 1 Ladies' - 2018,220,6
Baldwin Bikes,Electra Cruiser 7D Ladies' - 2016/2018,221,12
Baldwin Bikes,Electra Cruiser 1 Tall - 2016/2018,222,30
Baldwin Bikes,Electra Cruiser Lux 3i - 2018,223,7
Baldwin Bikes,Electra Cruiser Lux 7D - 2018,224,4
Baldwin Bikes,Electra Delivery 3i - 2016/2017/2018,225,11
Baldwin Bikes,Electra Townie Original 21D EQ - 2017/2018,226,5
Baldwin Bikes,Electra Cruiser 7D (24-Inch) Ladies' - 2016/2018,227,12
Baldwin Bikes,Electra Cruiser 7D Tall - 2016/2018,228,7
Baldwin Bikes,Electra Cruiser Lux 1 - 2016/2018,229,29
Baldwin Bikes,Electra Cruiser Lux 1 Ladies' - 2018,230,25
Baldwin Bikes,Electra Cruiser Lux 3i Ladies' - 2018,231,8
Baldwin Bikes,Electra Cruiser Lux 7D Ladies' - 2018,232,11
Baldwin Bikes,Electra Cruiser Lux Fat Tire 7D - 2018,233,25
Baldwin Bikes,Electra Daydreamer 3i Ladies' - 2018,234,12
Baldwin Bikes,Electra Koa 3i Ladies' - 2018,235,4
Baldwin Bikes,Electra Morningstar 3i Ladies' - 2018,236,7
Baldwin Bikes,Electra Relic 3i - 2018,237,30
Baldwin Bikes,Electra Townie Balloon 8D EQ - 2016/2017/2018,238,6
Baldwin Bikes,Electra Townie Balloon 8D EQ Ladies' - 2016/2017/2018,239,17
Baldwin Bikes,Electra Townie Commute 27D Ladies - 2018,240,19
Baldwin Bikes,Electra Townie Commute 8D - 2018,241,24
Baldwin Bikes,Electra Townie Commute 8D Ladies' - 2018,242,2
Baldwin Bikes,Electra Townie Original 21D EQ Ladies' - 2018,243,18
Baldwin Bikes,Electra Townie Original 21D Ladies' - 2018,244,1
Baldwin Bikes,Electra Townie Original 3i EQ - 2017/2018,245,18
Baldwin Bikes,Electra Townie Original 3i EQ Ladies' - 2018,246,10
Baldwin Bikes,Electra Townie Original 7D EQ - 2018,247,16
Baldwin Bikes,Electra Townie Original 7D EQ Ladies' - 2017/2018,248,26
Baldwin Bikes,Electra White Water 3i - 2018,249,10
Baldwin Bikes,Electra Townie Go! 8i - 2017/2018,250,23
Baldwin Bikes,Electra Townie Commute Go! - 2018,251,0
Baldwin Bikes,Electra Townie Commute Go! Ladies' - 2018,252,20
Baldwin Bikes,Electra Townie Go! 8i Ladies' - 2018,253,29
Baldwin Bikes,Electra Townie Balloon 3i EQ - 2017/2018,254,7
Baldwin Bikes,Electra Townie Balloon 7i EQ Ladies' - 2017/2018,255,12
Baldwin Bikes,Electra Townie Commute 27D - 2018,256,8
Baldwin Bikes,Electra Amsterdam Fashion 3i Ladies' - 2017/2018,257,5
Baldwin Bikes,Electra Amsterdam Royal 8i - 2017/2018,258,10
Baldwin Bikes,Electra Amsterdam Royal 8i Ladies - 2018,259,16
Baldwin Bikes,Electra Townie Balloon 3i EQ Ladies' - 2018,260,20
Baldwin Bikes,Electra Townie Balloon 7i EQ - 2018,261,4
Baldwin Bikes,Trek MT 201 - 2018,262,8
Baldwin Bikes,Strider Classic 12 Balance Bike - 2018,263,4
Baldwin Bikes,Strider Sport 16 - 2018,264,13
Baldwin Bikes,Strider Strider 20 Sport - 2018,265,4
Baldwin Bikes,Trek Superfly 20 - 2018,266,18
Baldwin Bikes,Trek Precaliber 12 Girl's - 2018,267,21
Baldwin Bikes,Trek Kickster - 2018,268,3
Baldwin Bikes,Trek Precaliber 12 Boy's - 2018,269,4
Baldwin Bikes,Trek Precaliber 16 Boy's - 2018,270,15
Baldwin Bikes,Trek Precaliber 16 Girl's - 2018,271,26
Baldwin Bikes,Trek Precaliber 20 6-speed Boy's - 2018,272,1
Baldwin Bikes,Trek Precaliber 20 6-speed Girl's - 2018,273,28
Baldwin Bikes,Trek Precaliber 20 Boy's - 2018,274,15
Baldwin Bikes,Trek Precaliber 20 Girl's - 2018,275,3
Baldwin Bikes,Trek Precaliber 24 (7-Speed) - Boys - 2018,276,9
Baldwin Bikes,Trek Precaliber 24 21-speed Boy's - 2018,277,4
Baldwin Bikes,Trek Precaliber 24 21-speed Girl's - 2018,278,8
Baldwin Bikes,Trek Precaliber 24 7-speed Girl's - 2018,279,18
Baldwin Bikes,Trek Superfly 24 - 2017/2018,280,11
Baldwin Bikes,Electra Cruiser 7D (24-Inch) Ladies' - 2016/2018,281,3
Baldwin Bikes,Electra Cyclosaurus 1 (16-inch) - Boy's - 2018,282,8
Baldwin Bikes,Electra Heartchya 1 (20-inch) - Girl's - 2018,283,28
Baldwin Bikes,Electra Savannah 1 (20-inch) - Girl's - 2018,284,6
Baldwin Bikes,Electra Soft Serve 1 (16-inch) - Girl's - 2018,285,22
Baldwin Bikes,"Electra Starship 1 16"" - 2018",286,3
Baldwin Bikes,Electra Straight 8 1 (16-inch) - Boy's - 2018,287,15
Baldwin Bikes,Electra Straight 8 1 (20-inch) - Boy's - 2018,288,13
Baldwin Bikes,"Electra Superbolt 1 20"" - 2018",289,5
Baldwin Bikes,"Electra Superbolt 3i 20"" - 2018",290,29
Baldwin Bikes,Electra Sweet Ride 1 (20-inch) - Girl's - 2018,291,22
Baldwin Bikes,Electra Sweet Ride 3i (20-inch) - Girls' - 2018,292,22
Baldwin Bikes,Electra Tiger Shark 1 (20-inch) - Boys' - 2018,293,12
Baldwin Bikes,Electra Tiger Shark 3i (20-inch) - Boys' - 2018,294,7
Baldwin Bikes,"Electra Treasure 1 20"" - 2018",295,15
Baldwin Bikes,"Electra Treasure 3i 20"" - 2018",296,8
Baldwin Bikes,"Electra Under-The-Sea 1 16"" - 2018",297,7
Baldwin Bikes,Electra Water Lily 1 (16-inch) - Girl's - 2018,298,27
Baldwin Bikes,Electra Townie Original 21D - 2018,299,0
Baldwin Bikes,Electra Townie Balloon 3i EQ Ladies' - 2018,300,13
Baldwin Bikes,Electra Townie Balloon 7i EQ - 2018,301,26
Baldwin Bikes,Electra Townie Original 1 - 2018,302,6
Baldwin Bikes,Electra Townie Go! 8i - 2017/2018,303,23
Baldwin Bikes,Electra Townie Original 21D EQ - 2017/2018,304,6
Baldwin Bikes,Electra Townie Balloon 3i EQ - 2017/2018,305,21
Baldwin Bikes,Electra Townie Balloon 7i EQ Ladies' - 2017/2018,306,17
Baldwin Bikes,Electra Townie Balloon 8D EQ - 2016/2017/2018,307,18
Baldwin Bikes,Electra Townie Balloon 8D EQ Ladies' - 2016/2017/2018,308,15
Baldwin Bikes,Electra Townie Commute 27D - 2018,309,9
Baldwin Bikes,Electra Townie Commute 27D Ladies - 2018,310,5
Baldwin Bikes,Electra Townie Commute 8D - 2018,311,27
Baldwin Bikes,Electra Townie Commute 8D Ladies' - 2018,312,2
Baldwin Bikes,Electra Townie Original 1 Ladies' - 2018,313,24
Rowlett Bikes,Trek 820 - 2016,1,14
Rowlett Bikes,Ritchey Timberwolf Frameset - 2016,2,24
Rowlett Bikes,Surly Wednesday Frameset - 2016,3,0
Rowlett Bikes,Trek Fuel EX 8 29 - 2016,4,11
Rowlett Bikes,Heller Shagamaw Frame - 2016,5,3
Rowlett Bikes,Surly Ice Cream Truck Frameset - 2016,6,27
Rowlett Bikes,Trek Slash 8 27.5 - 2016,7,12
Rowlett Bikes,Trek Remedy 29 Carbon Frameset - 2016,8,12
Rowlett Bikes,Trek Conduit+ - 2016,9,23
Rowlett Bikes,Surly Straggler - 2016,10,21
Rowlett Bikes,Surly Straggler 650b - 2016,11,30
Rowlett Bikes,Electra Townie Original 21D - 2016,12,30
Rowlett Bikes,Electra Cruiser 1 (24-Inch) - 2016,13,19
Rowlett Bikes,Electra Girl's Hawaii 1 (16-inch) - 2015/2016,14,4
Rowlett Bikes,Electra Moto 1 - 2016,15,22
Rowlett Bikes,Electra Townie Original 7D EQ - 2016,16,19
Rowlett Bikes,Pure Cycles Vine 8-Speed - 2016,17,22
Rowlett Bikes,Pure Cycles Western 3-Speed - Women's - 2015/2016,18,5
Rowlett Bikes,Pure Cycles William 3-Speed - 2016,19,24
Rowlett Bikes,Electra Townie Original 7D EQ - Women's - 2016,20,19
Rowlett Bikes,Electra Cruiser 1 (24-Inch) - 2016,21,8
Rowlett Bikes,Electra Girl's Hawaii 1 (16-inch) - 2015/2016,22,20
Rowlett Bikes,Electra Girl's Hawaii 1 (20-inch) - 2015/2016,23,8
Rowlett Bikes,Electra Townie Original 21D - 2016,24,18
Rowlett Bikes,Electra Townie Original 7D - 2015/2016,25,15
Rowlett Bikes,Electra Townie Original 7D EQ - 2016,26,27
Rowlett Bikes,Surly Big Dummy Frameset - 2017,27,21
Rowlett Bikes,Surly Karate Monkey 27.5+ Frameset - 2017,28,20
Rowlett Bikes,Trek X-Caliber 8 - 2017,29,11
Rowlett Bikes,Surly Ice Cream Truck Frameset - 2017,30,23
Rowlett Bikes,Surly Wednesday - 2017,31,10
Rowlett Bikes,Trek Farley Alloy Frameset - 2017,32,14
Rowlett Bikes,Surly Wednesday Frameset - 2017,33,14
Rowlett Bikes,Trek Session DH 27.5 Carbon Frameset - 2017,34,6
Rowlett Bikes,Sun Bicycles Spider 3i - 2017,35,3
Rowlett Bikes,Surly Troll Frameset - 2017,36,28
Rowlett Bikes,Haro Flightline One ST - 2017,37,30
Rowlett Bikes,Haro Flightline Two 26 Plus - 2017,38,23
Rowlett Bikes,Trek Stache 5 - 2017,39,22
Rowlett Bikes,Trek Fuel EX 9.8 29 - 2017,40,2
Rowlett Bikes,Haro Shift R3 - 2017,41,25
Rowlett Bikes,Trek Fuel EX 5 27.5 Plus - 2017,42,9
Rowlett Bikes,Trek Fuel EX 9.8 27.5 Plus - 2017,43,26
Rowlett Bikes,Haro SR 1.1 - 2017,44,26
Rowlett Bikes,Haro SR 1.2 - 2017,45,1
Rowlett Bikes,Haro SR 1.3 - 2017,46,16
Rowlett Bikes,Trek Remedy 9.8 - 2017,47,14
Rowlett Bikes,Trek Emonda S 4 - 2017,48,2
Rowlett Bikes,Trek Domane SL 6 - 2017,49,4
Rowlett Bikes,Trek Silque SLR 7 Women's - 2017,50,25
Rowlett Bikes,Trek Silque SLR 8 Women's - 2017,51,2
Rowlett Bikes,Surly Steamroller - 2017,52,8
Rowlett Bikes,Surly Ogre Frameset - 2017,53,6
Rowlett Bikes,Trek Domane SL Disc Frameset - 2017,54,13
Rowlett Bikes,Trek Domane S 6 - 2017,55,5
Rowlett Bikes,Trek Domane SLR 6 Disc - 2017,56,19
Rowlett Bikes,Trek Emonda S 5 - 2017,57,9
Rowlett Bikes,Trek Madone 9.2 - 2017,58,27
Rowlett Bikes,Trek Domane S 5 Disc - 2017,59,0
Rowlett Bikes,Sun Bicycles ElectroLite - 2017,60,7
Rowlett Bikes,Trek Powerfly 8 FS Plus - 2017,61,28
Rowlett Bikes,Trek Boone 7 - 2017,62,4
Rowlett Bikes,Trek Boone Race Shop Limited - 2017,63,8
Rowlett Bikes,Electra Townie Original 7D - 2017,64,22
Rowlett Bikes,Sun Bicycles Lil Bolt Type-R - 2017,65,1
Rowlett Bikes,Sun Bicycles Revolutions 24 - 2017,66,3
Rowlett Bikes,Sun Bicycles Revolutions 24 - Girl's - 2017,67,6
Rowlett Bikes,Sun Bicycles Cruz 3 - 2017,68,18
Rowlett Bikes,Sun Bicycles Cruz 7 - 2017,69,29
Rowlett Bikes,Electra Amsterdam Original 3i - 2015/2017,70,2
Rowlett Bikes,Sun Bicycles Atlas X-Type - 2017,71,13
Rowlett Bikes,Sun Bicycles Biscayne Tandem 7 - 2017,72,6
Rowlett Bikes,Sun Bicycles Brickell Tandem 7 - 2017,73,3
Rowlett Bikes,Electra Cruiser Lux 1 - 2017,74,17
Rowlett Bikes,Electra Cruiser Lux Fat Tire 1 Ladies - 2017,75,29
Rowlett Bikes,"Electra Girl's Hawaii 1 16"" - 2017",76,23
Rowlett Bikes,Electra Glam Punk 3i Ladies' - 2017,77,23
Rowlett Bikes,Sun Bicycles Biscayne Tandem CB - 2017,78,19
Rowlett Bikes,Sun Bicycles Boardwalk (24-inch Wheels) - 2017,79,29
Rowlett Bikes,Sun Bicycles Brickell Tandem CB - 2017,80,22
Rowlett Bikes,Electra Amsterdam Fashion 7i Ladies' - 2017,81,18
Rowlett Bikes,Electra Amsterdam Original 3i Ladies' - 2017,82,7
Rowlett Bikes,Trek Boy's Kickster - 2015/2017,83,23
Rowlett Bikes,Sun Bicycles Lil Kitt'n - 2017,84,15
Rowlett Bikes,Haro Downtown 16 - 2017,85,15
Rowlett Bikes,Trek Girl's Kickster - 2017,86,27
Rowlett Bikes,Trek Precaliber 12 Boys - 2017,87,16
Rowlett Bikes,Trek Precaliber 12 Girls - 2017,88,28
Rowlett Bikes,Trek Precaliber 16 Boys - 2017,89,22
Rowlett Bikes,Trek Precaliber 16 Girls - 2017,90,9
Rowlett Bikes,Trek Precaliber 24 (21-Speed) - Girls - 2017,91,8
Rowlett Bikes,Haro Shredder 20 - 2017,92,28
Rowlett Bikes,Haro Shredder 20 Girls - 2017,93,18
Rowlett Bikes,Haro Shredder Pro 20 - 2017,94,15
Rowlett Bikes,"Electra Girl's Hawaii 1 16"" - 2017",95,14
Rowlett Bikes,Electra Moto 3i (20-inch) - Boy's - 2017,96,1
Rowlett Bikes,Electra Savannah 3i (20-inch) - Girl's - 2017,97,28
Rowlett Bikes,Electra Straight 8 3i (20-inch) - Boy's - 2017,98,5
Rowlett Bikes,Electra Sugar Skulls 1 (20-inch) - Girl's - 2017,99,19
Rowlett Bikes,Electra Townie 3i EQ (20-inch) - Boys' - 2017,100,28
Rowlett Bikes,Electra Townie 7D (20-inch) - Boys' - 2017,101,17
Rowlett Bikes,Electra Townie Original 7D - 2017,102,22
Rowlett Bikes,Sun Bicycles Streamway 3 - 2017,103,10
Rowlett Bikes,Sun Bicycles Streamway - 2017,104,22
Rowlett Bikes,Sun Bicycles Streamway 7 - 2017,105,1
Rowlett Bikes,Sun Bicycles Cruz 3 - 2017,106,1
Rowlett Bikes,Sun Bicycles Cruz 7 - 2017,107,11
Rowlett Bikes,Sun Bicycles Cruz 3 - Women's - 2017,108,23
Rowlett Bikes,Sun Bicycles Cruz 7 - Women's - 2017,109,24
Rowlett Bikes,Sun Bicycles Drifter 7 - 2017,110,11
Rowlett Bikes,Sun Bicycles Drifter 7 - Women's - 2017,111,29
Rowlett Bikes,Trek 820 - 2018,112,24
Rowlett Bikes,Trek Marlin 5 - 2018,113,23
Rowlett Bikes,Trek Marlin 6 - 2018,114,12
Rowlett Bikes,Trek Fuel EX 8 29 - 2018,115,25
Rowlett Bikes,Trek Marlin 7 - 2017/2018,116,30
Rowlett Bikes,Trek Ticket S Frame - 2018,117,23
Rowlett Bikes,Trek X-Caliber 8 - 2018,118,9
Rowlett Bikes,Trek Kids' Neko - 2018,119,29
Rowlett Bikes,Trek Fuel EX 7 29 - 2018,120,25
Rowlett Bikes,Surly Krampus Frameset - 2018,121,4
Rowlett Bikes,Surly Troll Frameset - 2018,122,8
Rowlett Bikes,Trek Farley Carbon Frameset - 2018,123,15
Rowlett Bikes,Surly Krampus - 2018,124,11
Rowlett Bikes,Trek Kids' Dual Sport - 2018,125,2
Rowlett Bikes,Surly Big Fat Dummy Frameset - 2018,126,5
Rowlett Bikes,Surly Pack Rat Frameset - 2018,127,4
Rowlett Bikes,Surly ECR 27.5 - 2018,128,20
Rowlett Bikes,Trek X-Caliber 7 - 2018,129,10
Rowlett Bikes,Trek Stache Carbon Frameset - 2018,130,20
Rowlett Bikes,Heller Bloodhound Trail - 2018,131,23
Rowlett Bikes,Trek Procal AL Frameset - 2018,132,16
Rowlett Bikes,Trek Procaliber Frameset - 2018,133,16
Rowlett Bikes,Trek Remedy 27.5 C Frameset - 2018,134,17
Rowlett Bikes,Trek X-Caliber Frameset - 2018,135,15
Rowlett Bikes,Trek Procaliber 6 - 2018,136,4
Rowlett Bikes,Heller Shagamaw GX1 - 2018,137,17
Rowlett Bikes,Trek Fuel EX 5 Plus - 2018,138,17
Rowlett Bikes,Trek Remedy 7 27.5 - 2018,139,21
Rowlett Bikes,Trek Remedy 9.8 27.5 - 2018,140,3
Rowlett Bikes,Trek Stache 5 - 2018,141,4
Rowlett Bikes,Trek Fuel EX 8 29 XT - 2018,142,29
Rowlett Bikes,Trek Domane ALR 3 - 2018,143,9
Rowlett Bikes,Trek Domane ALR 4 Disc - 2018,144,9
Rowlett Bikes,Trek Domane ALR 5 Disc - 2018,145,11
Rowlett Bikes,Trek Domane SLR 6 - 2018,146,9
Rowlett Bikes,Trek Domane ALR 5 Gravel - 2018,147,3
Rowlett Bikes,Trek Domane SL 8 Disc - 2018,148,6
Rowlett Bikes,Trek Domane SLR 8 Disc - 2018,149,1
Rowlett Bikes,Trek Emonda SL 7 - 2018,150,21
Rowlett Bikes,Trek Domane ALR 4 Disc Women's - 2018,151,1
Rowlett Bikes,Trek Domane SL 5 Disc Women's - 2018,152,1
Rowlett Bikes,Trek Domane SL 7 Women's - 2018,153,7
Rowlett Bikes,Trek Domane SLR 6 Disc Women's - 2018,154,22
Rowlett Bikes,Trek Domane SLR 9 Disc - 2018,155,25
Rowlett Bikes,Trek Domane SL Frameset - 2018,156,14
Rowlett Bikes,Trek Domane SL Frameset Women's - 2018,157,12
Rowlett Bikes,Trek CrossRip 1 - 2018,158,17
Rowlett Bikes,Trek Emonda ALR 6 - 2018,159,6
Rowlett Bikes,Trek Emonda SLR 6 - 2018,160,27
Rowlett Bikes,Surly ECR - 2018,161,11
Rowlett Bikes,Trek Emonda SL 6 Disc - 2018,162,11
Rowlett Bikes,Surly Pack Rat - 2018,163,11
Rowlett Bikes,Surly Straggler 650b - 2018,164,18
Rowlett Bikes,Trek 1120 - 2018,165,19
Rowlett Bikes,Trek Domane AL 2 Women's - 2018,166,27
Rowlett Bikes,Surly ECR Frameset - 2018,167,8
Rowlett Bikes,Surly Straggler - 2018,168,23
Rowlett Bikes,Trek Emonda SLR 8 - 2018,169,3
Rowlett Bikes,Trek CrossRip 2 - 2018,170,13
Rowlett Bikes,Trek Domane SL 6 - 2018,171,11
Rowlett Bikes,Trek Domane ALR Disc Frameset - 2018,172,22
Rowlett Bikes,Trek Domane ALR Frameset - 2018,173,15
Rowlett Bikes,Trek Domane SLR Disc Frameset - 2018,174,1
Rowlett Bikes,Trek Domane SLR Frameset - 2018,175,3
Rowlett Bikes,Trek Madone 9 Frameset - 2018,176,6
Rowlett Bikes,Trek Domane SLR 6 Disc - 2018,177,2
Rowlett Bikes,Trek Domane AL 2 - 2018,178,12
Rowlett Bikes,Trek Domane AL 3 - 2018,179,20
Rowlett Bikes,Trek Domane AL 3 Women's - 2018,180,6
Rowlett Bikes,Trek Domane SL 5 - 2018,181,8
Rowlett Bikes,Trek Domane SL 5 Disc - 2018,182,28
Rowlett Bikes,Trek Domane SL 5 Women's - 2018,183,26
Rowlett Bikes,Trek Domane SL 6 Disc - 2018,184,21
Rowlett Bikes,Trek Conduit+ - 2018,185,15
Rowlett Bikes,Trek CrossRip+ - 2018,186,30
Rowlett Bikes,Trek Neko+ - 2018,187,2
Rowlett Bikes,Trek XM700+ Lowstep - 2018,188,29
Rowlett Bikes,Trek Lift+ Lowstep - 2018,189,20
Rowlett Bikes,Trek Dual Sport+ - 2018,190,20
Rowlett Bikes,Electra Loft Go! 8i - 2018,191,23
Rowlett Bikes,Electra Townie Go! 8i - 2017/2018,192,10
Rowlett Bikes,Trek Lift+ - 2018,193,5
Rowlett Bikes,Trek XM700+ - 2018,194,20
Rowlett Bikes,Electra Townie Go! 8i Ladies' - 2018,195,20
Rowlett Bikes,Trek Verve+ - 2018,196,25
Rowlett Bikes,Trek Verve+ Lowstep - 2018,197,8
Rowlett Bikes,Electra Townie Commute Go! - 2018,198,27
Rowlett Bikes,Electra Townie Commute Go! Ladies' - 2018,199,5
Rowlett Bikes,Trek Powerfly 5 - 2018,200,29
Rowlett Bikes,Trek Powerfly 5 FS - 2018,201,30
Rowlett Bikes,Trek Powerfly 5 Women's - 2018,202,11
Rowlett Bikes,Trek Powerfly 7 FS - 2018,203,6
Rowlett Bikes,Trek Super Commuter+ 7 - 2018,204,16
Rowlett Bikes,Trek Super Commuter+ 8S - 2018,205,3
Rowlett Bikes,Trek Boone 5 Disc - 2018,206,29
Rowlett Bikes,Trek Boone 7 Disc - 2018,207,29
Rowlett Bikes,Trek Crockett 5 Disc - 2018,208,12
Rowlett Bikes,Trek Crockett 7 Disc - 2018,209,1
Rowlett Bikes,Surly Straggler - 2018,210,22
Rowlett Bikes,Surly Straggler 650b - 2018,211,3
Rowlett Bikes,Electra Townie Original 21D - 2018,212,23
Rowlett Bikes,Electra Cruiser 1 - 2016/2017/2018,213,10
Rowlett Bikes,Electra Tiger Shark 3i - 2018,214,30
Rowlett Bikes,Electra Queen of Hearts 3i - 2018,215,12
Rowlett Bikes,Electra Super Moto 8i - 2018,216,5
Rowlett Bikes,Electra Straight 8 3i - 2018,217,4
Rowlett Bikes,Electra Cruiser 7D - 2016/2017/2018,218,21
Rowlett Bikes,Electra Moto 3i - 2018,219,29
Rowlett Bikes,Electra Cruiser 1 Ladies' - 2018,220,0
Rowlett Bikes,Electra Cruiser 7D Ladies' - 2016/2018,221,25
Rowlett Bikes,Electra Cruiser 1 Tall - 2016/2018,222,12
Rowlett Bikes,Electra Cruiser Lux 3i - 2018,223,29
Rowlett Bikes,Electra Cruiser Lux 7D - 2018,224,23
Rowlett Bikes,Electra Delivery 3i - 2016/2017/2018,225,12
Rowlett Bikes,Electra Townie Original 21D EQ - 2017/2018,226,14
Rowlett Bikes,Electra Cruiser 7D (24-Inch) Ladies' - 2016/2018,227,22
Rowlett Bikes,Electra Cruiser 7D Tall - 2016/2018,228,29
Rowlett Bikes,Electra Cruiser Lux 1 - 2016/2018,229,7
Rowlett Bikes,Electra Cruiser Lux 1 Ladies' - 2018,230,29
Rowlett Bikes,Electra Cruiser Lux 3i Ladies' - 2018,231,6
Rowlett Bikes,Electra Cruiser Lux 7D Ladies' - 2018,232,16
Rowlett Bikes,Electra Cruiser Lux Fat Tire 7D - 2018,233,9
Rowlett Bikes,Electra Daydreamer 3i Ladies' - 2018,234,24
Rowlett Bikes,Electra Koa 3i Ladies' - 2018,235,1
Rowlett Bikes,Electra Morningstar 3i Ladies' - 2018,236,3
Rowlett Bikes,Electra Relic 3i - 2018,237,16
Rowlett Bikes,Electra Townie Balloon 8D EQ - 2016/2017/2018,238,12
Rowlett Bikes,Electra Townie Balloon 8D EQ Ladies' - 2016/2017/2018,239,29
Rowlett Bikes,Electra Townie Commute 27D Ladies - 2018,240,26
Rowlett Bikes,Electra Townie Commute 8D - 2018,241,8
Rowlett Bikes,Electra Townie Commute 8D Ladies' - 2018,242,5
Rowlett Bikes,Electra Townie Original 21D EQ Ladies' - 2018,243,7
Rowlett Bikes,Electra Townie Original 21D Ladies' - 2018,244,5
Rowlett Bikes,Electra Townie Original 3i EQ - 2017/2018,245,10
Rowlett Bikes,Electra Townie Original 3i EQ Ladies' - 2018,246,7
Rowlett Bikes,Electra Townie Original 7D EQ - 2018,247,3
Rowlett Bikes,Electra Townie Original 7D EQ Ladies' - 2017/2018,248,11
Rowlett Bikes,Electra White Water 3i - 2018,249,6
Rowlett Bikes,Electra Townie Go! 8i - 2017/2018,250,16
Rowlett Bikes,Electra Townie Commute Go! - 2018,251,10
Rowlett Bikes,Electra Townie Commute Go! Ladies' - 2018,252,27
Rowlett Bikes,Electra Townie Go! 8i Ladies' - 2018,253,15
Rowlett Bikes,Electra Townie Balloon 3i EQ - 2017/2018,254,4
Rowlett Bikes,Electra Townie Balloon 7i EQ Ladies' - 2017/2018,255,17
Rowlett Bikes,Electra Townie Commute 27D - 2018,256,1
Rowlett Bikes,Electra Amsterdam Fashion 3i Ladies' - 2017/2018,257,25
Rowlett Bikes,Electra Amsterdam Royal 8i - 2017/2018,258,10
Rowlett Bikes,Electra Amsterdam Royal 8i Ladies - 2018,259,0
Rowlett Bikes,Electra Townie Balloon 3i EQ Ladies' - 2018,260,5
Rowlett Bikes,Electra Townie Balloon 7i EQ - 2018,261,24
Rowlett Bikes,Trek MT 201 - 2018,262,29
Rowlett Bikes,Strider Classic 12 Balance Bike - 2018,263,21
Rowlett Bikes,Strider Sport 16 - 2018,264,7
Rowlett Bikes,Strider Strider 20 Sport - 2018,265,22
Rowlett Bikes,Trek Superfly 20 - 2018,266,18
Rowlett Bikes,Trek Precaliber 12 Girl's - 2018,267,12
Rowlett Bikes,Trek Kickster - 2018,268,17
Rowlett Bikes,Trek Precaliber 12 Boy's - 2018,269,26
Rowlett Bikes,Trek Precaliber 16 Boy's - 2018,270,6
Rowlett Bikes,Trek Precaliber 16 Girl's - 2018,271,23
Rowlett Bikes,Trek Precaliber 20 6-speed Boy's - 2018,272,12
Rowlett Bikes,Trek Precaliber 20 6-speed Girl's - 2018,273,19
Rowlett Bikes,Trek Precaliber 20 Boy's - 2018,274,7
Rowlett Bikes,Trek Precaliber 20 Girl's - 2018,275,23
Rowlett Bikes,Trek Precaliber 24 (7-Speed) - Boys - 2018,276,14
Rowlett Bikes,Trek Precaliber 24 21-speed Boy's - 2018,277,26
Rowlett Bikes,Trek Precaliber 24 21-speed Girl's - 2018,278,15
Rowlett Bikes,Trek Precaliber 24 7-speed Girl's - 2018,279,15
Rowlett Bikes,Trek Superfly 24 - 2017/2018,280,1
Rowlett Bikes,Electra Cruiser 7D (24-Inch) Ladies' - 2016/2018,281,2
Rowlett Bikes,Electra Cyclosaurus 1 (16-inch) - Boy's - 2018,282,18
Rowlett Bikes,Electra Heartchya 1 (20-inch) - Girl's - 2018,283,1
Rowlett Bikes,Electra Savannah 1 (20-inch) - Girl's - 2018,284,26
Rowlett Bikes,Electra Soft Serve 1 (16-inch) - Girl's - 2018,285,2
Rowlett Bikes,"Electra Starship 1 16"" - 2018",286,7
Rowlett Bikes,Electra Straight 8 1 (16-inch) - Boy's - 2018,287,26
Rowlett Bikes,Electra Straight 8 1 (20-inch) - Boy's - 2018,288,2
Rowlett Bikes,"Electra Superbolt 1 20"" - 2018",289,2
Rowlett Bikes,"Electra Superbolt 3i 20"" - 2018",290,6
Rowlett Bikes,Electra Sweet Ride 1 (20-inch) - Girl's - 2018,291,10
Rowlett Bikes,Electra Sweet Ride 3i (20-inch) - Girls' - 2018,292,16
Rowlett Bikes,Electra Tiger Shark 1 (20-inch) - Boys' - 2018,293,14
Rowlett Bikes,Electra Tiger Shark 3i (20-inch) - Boys' - 2018,294,13
Rowlett Bikes,"Electra Treasure 1 20"" - 2018",295,9
Rowlett Bikes,"Electra Treasure 3i 20"" - 2018",296,12
Rowlett Bikes,"Electra Under-The-Sea 1 16"" - 2018",297,22
Rowlett Bikes,Electra Water Lily 1 (16-inch) - Girl's - 2018,298,14
Rowlett Bikes,Electra Townie Original 21D - 2018,299,29
Rowlett Bikes,Electra Townie Balloon 3i EQ Ladies' - 2018,300,3
Rowlett Bikes,Electra Townie Balloon 7i EQ - 2018,301,29
Rowlett Bikes,Electra Townie Original 1 - 2018,302,6
Rowlett Bikes,Electra Townie Go! 8i - 2017/2018,303,13
Rowlett Bikes,Electra Townie Original 21D EQ - 2017/2018,304,23
Rowlett Bikes,Electra Townie Balloon 3i EQ - 2017/2018,305,11
Rowlett Bikes,Electra Townie Balloon 7i EQ Ladies' - 2017/2018,306,7
Rowlett Bikes,Electra Townie Balloon 8D EQ - 2016/2017/2018,307,17
Rowlett Bikes,Electra Townie Balloon 8D EQ Ladies' - 2016/2017/2018,308,9
Rowlett Bikes,Electra Townie Commute 27D - 2018,309,30
Rowlett Bikes,Electra Townie Commute 27D Ladies - 2018,310,8
Rowlett Bikes,Electra Townie Commute 8D - 2018,311,23
Rowlett Bikes,Electra Townie Commute 8D Ladies' - 2018,312,18
Rowlett Bikes,Electra Townie Original 1 Ladies' - 2018,313,0